,base_asset,compare_asset,label
1184,VTC,VWOB,0
1019,LMBS,SHV,0
1018,LMBS,PLW,0
720,FTSM,MFLX,0
719,FTSM,LMBS,0
718,FTSM,LDSF,0
717,FTSM,IUSB,0
1013,LDSF,VTC,0
1020,LMBS,SHY,0
1012,LDSF,VMBS,0
1010,LDSF,VGIT,0
1009,LDSF,VCIT,0
1008,LDSF,UITB,0
1007,LDSF,SKOR,0
1006,LDSF,SHY,0
1005,LDSF,PLW,0
1004,LDSF,MBB,0
1011,LDSF,VGSH,0
1021,LMBS,TLT,0
1022,LMBS,VGIT,0
1023,LMBS,VGLT,0
730,FTSM,UITB,0
729,FTSM,TLT,0
728,FTSM,SUSC,0
727,FTSM,SUSB,0
726,FTSM,SNLN,0
725,FTSM,SLQD,0
724,FTSM,SKOR,0
1033,MBB,VMBS,0
1032,MBB,VGSH,0
1031,MBB,VGIT,0
1030,MBB,VCLT,0
1029,MBB,SNLN,0
1028,MBB,SHY,0
723,FTSM,SHY,0
722,FTSM,SHV,0
721,FTSM,PLW,0
1024,LMBS,VGSH,0
716,FTSM,ISTB,0
715,FTSM,ISHG,0
714,FTSM,IGSB,0
713,FTSM,IGOV,0
978,ISHG,WINC,0
977,ISHG,VWOB,0
976,ISHG,VCSH,0
975,ISHG,VCIT,0
974,ISHG,USTB,0
973,ISHG,SUSB,0
972,ISHG,SLQD,0
971,ISHG,SKOR,0
970,ISHG,LDSF,0
703,FTSL,VGSH,0
702,FTSL,SHY,0
701,FTSL,PLW,0
700,FTSL,MFLX,0
699,FTSL,ISTB,0
698,FTSL,IEI,0
697,FTSL,IEF,0
866,HYXF,USTB,0
704,FTSL,VMBS,0
731,FTSM,USTB,0
705,FTSL,VTIP,0
982,ISTB,SHY,0
712,FTSM,IGIB,0
998,IUSB,VMBS,0
997,IUSB,VGSH,0
996,IUSB,SLQD,0
995,IUSB,SHY,0
994,IUSB,MBB,0
993,IUSB,LDSF,0
711,FTSM,IEI,0
710,FTSM,IEF,0
709,FTSM,HYXF,0
708,FTSM,HYLS,0
707,FTSM,HNDL,0
706,FTSM,GNMA,0
986,ISTB,VWOB,0
985,ISTB,VGSH,0
984,ISTB,SUSB,0
983,ISTB,SLQD,0
981,ISTB,LDSF,0
732,FTSM,VCIT,0
733,FTSM,VCLT,0
734,FTSM,VCSH,0
1124,SKOR,VGSH,0
1123,SKOR,VCIT,0
1122,SKOR,UITB,0
1121,SKOR,SUSB,0
1120,SKOR,SLQD,0
1119,SHY,VWOB,0
1118,SHY,VTC,0
1117,SHY,VMBS,0
1116,SHY,VCSH,0
1115,SHY,VCIT,0
1114,SHY,UITB,0
1113,SHY,SUSC,0
1112,SHY,SUSB,0
1111,SHY,SNLN,0
1110,SHY,SLQD,0
1109,SHY,SKOR,0
811,GNMA,IEF,0
1125,SKOR,VWOB,0
812,GNMA,IEI,0
1126,SLQD,UITB,0
1128,SLQD,VCIT,0
1145,SNLN,VTIP,0
1144,SNLN,VTC,0
1143,SNLN,VMBS,0
1142,SNLN,VGSH,0
1141,SNLN,VGLT,0
1140,SNLN,VGIT,0
1139,SNLN,VCSH,0
1138,SNLN,VCLT,0
875,HYZD,IGSB,0
1136,SNLN,USTB,0
1135,SNLN,UITB,0
1134,SNLN,TLT,0
1133,SNLN,SUSC,0
1132,SNLN,SUSB,0
1131,SLQD,VWOB,0
1130,SLQD,VGSH,0
1129,SLQD,VGIT,0
1127,SLQD,USTB,0
695,FTQI,VTIP,0
813,GNMA,IUSB,0
815,GNMA,LMBS,0
857,HYXF,IGIB,0
858,HYXF,IGOV,0
859,HYXF,ISHG,0
860,HYXF,IUSB,0
861,HYXF,PLW,0
862,HYXF,SHY,0
863,HYXF,SNLN,0
864,HYXF,SUSC,0
865,HYXF,UITB,0
742,FTSM,WINC,0
741,FTSM,VWOB,0
740,FTSM,VTIP,0
739,FTSM,VTC,0
738,FTSM,VMBS,0
737,FTSM,VGSH,0
736,FTSM,VGLT,0
735,FTSM,VGIT,0
856,HYXF,IEI,0
814,GNMA,LDSF,0
855,HYXF,IEF,0
853,HYLS,UITB,0
816,GNMA,MBB,0
817,GNMA,PLW,0
818,GNMA,SHY,0
819,GNMA,SNLN,0
820,GNMA,VGIT,0
821,GNMA,VGSH,0
839,HISF,MFLX,0
840,HISF,VTIP,0
844,HNDL,SHY,0
845,HNDL,SNLN,0
846,HNDL,USTB,0
847,HNDL,WINC,0
848,HYLS,IGOV,0
849,HYLS,ISHG,0
850,HYLS,SHY,0
851,HYLS,SNLN,0
852,HYLS,SUSC,0
854,HYLS,USTB,0
1146,SNLN,VWOB,0
867,HYXF,VCIT,0
869,HYXF,VGSH,0
628,FEMB,VGSH,0
629,FEMB,VMBS,0
916,IEI,SUSB,0
915,IEI,SNLN,0
914,IEI,SLQD,0
913,IEI,SKOR,0
912,IEI,MBB,0
627,FEMB,VGLT,0
911,IEI,LMBS,0
637,FIXD,IEI,0
638,FIXD,IUSB,0
639,FIXD,LDSF,0
640,FIXD,MBB,0
641,FIXD,SHY,0
642,FIXD,SKOR,0
643,FIXD,SNLN,0
636,FIXD,GNMA,0
626,FEMB,VGIT,0
625,FEMB,VCSH,0
624,FEMB,VCIT,0
607,FEMB,IEI,0
608,FEMB,IGIB,0
609,FEMB,IGOV,0
610,FEMB,IGSB,0
611,FEMB,ISHG,0
612,FEMB,ISTB,0
613,FEMB,IUSB,0
614,FEMB,MBB,0
615,FEMB,PLW,0
616,FEMB,SHV,0
617,FEMB,SHY,0
618,FEMB,SKOR,0
619,FEMB,SLQD,0
620,FEMB,SUSB,0
621,FEMB,TLT,0
622,FEMB,UITB,0
623,FEMB,USTB,0
644,FIXD,VCLT,0
645,FIXD,VTC,0
646,FIXD,VWOB,0
647,FMB,HNDL,0
892,HYZD,VCSH,0
891,HYZD,VCLT,0
890,HYZD,VCIT,0
889,HYZD,USTB,0
888,HYZD,UITB,0
887,HYZD,TLT,0
886,HYZD,SUSC,0
885,HYZD,SUSB,0
884,HYZD,SLQD,0
883,HYZD,SKOR,0
882,HYZD,SHY,0
881,HYZD,PLW,0
880,HYZD,MFLX,0
879,HYZD,MBB,0
878,HYZD,IUSB,0
877,HYZD,ISTB,0
876,HYZD,ISHG,0
893,HYZD,VGIT,0
606,FEMB,IEF,0
894,HYZD,VGLT,0
896,HYZD,VMBS,0
648,FMB,HYLS,0
649,FMB,HYXF,0
650,FMB,SNLN,0
910,IEI,LDSF,0
909,IEI,IUSB,0
908,IEI,ISTB,0
907,IEI,IGSB,0
906,IEF,VWOB,0
905,IEF,VMBS,0
904,IEF,SLQD,0
903,IEF,MBB,0
902,IEF,LMBS,0
901,IEF,LDSF,0
900,IEF,IUSB,0
899,HYZD,WINC,0
898,HYZD,VTIP,0
897,HYZD,VTC,0
895,HYZD,VGSH,0
605,FEMB,GNMA,0
604,FEMB,FTSM,0
603,FEMB,FIXD,0
544,EMB,ISTB,0
545,EMB,IUSB,0
546,EMB,MBB,0
547,EMB,PLW,0
548,EMB,SHY,0
549,EMB,SKOR,0
550,EMB,SLQD,0
551,EMB,SNLN,0
552,EMB,SUSB,0
553,EMB,SUSC,0
554,EMB,TLT,0
555,EMB,UITB,0
556,EMB,USTB,0
557,EMB,VCIT,0
558,EMB,VCLT,0
559,EMB,VCSH,0
560,EMB,VGIT,0
543,EMB,ISHG,0
561,EMB,VGLT,0
542,EMB,IGSB,0
540,EMB,IGIB,0
870,HYXF,VTC,0
871,HYZD,IEF,0
872,HYZD,IEI,0
873,HYZD,IGIB,0
953,IGSB,VWOB,0
952,IGSB,VGSH,0
951,IGSB,VCSH,0
950,IGSB,VCIT,0
949,IGSB,USTB,0
948,IGSB,SNLN,0
947,IGSB,SKOR,0
946,IGSB,SHY,0
945,IGSB,ISHG,0
536,EMB,FIXD,0
537,EMB,FTSM,0
538,EMB,IEF,0
539,EMB,IEI,0
541,EMB,IGOV,0
868,HYXF,VGIT,0
562,EMB,VGSH,0
564,EMB,VTC,0
931,IGIB,VGSH,0
930,IGIB,VCSH,0
929,IGIB,UITB,0
928,IGIB,SUSC,0
927,IGIB,SUSB,0
926,IGIB,SLQD,0
1183,VRIG,VTIP,0
925,IGIB,SHY,0
594,FCAL,WINC,0
924,IGIB,ISHG,0
923,IGIB,IGSB,0
922,IGIB,IGOV,0
921,IEI,VWOB,0
920,IEI,VTC,0
919,IEI,VMBS,0
918,IEI,VGSH,0
917,IEI,VCIT,0
932,IGIB,VWOB,0
563,EMB,VMBS,0
933,IGOV,IGSB,0
935,IGOV,SKOR,0
565,EMB,VWOB,0
566,EMCB,FMB,0
567,EMCB,HYXF,0
568,EMCB,IEI,0
569,EMCB,IGOV,0
570,EMCB,ISHG,0
571,EMCB,SHY,0
572,EMCB,USTB,0
944,IGOV,VWOB,0
943,IGOV,VTC,0
942,IGOV,VCSH,0
941,IGOV,VCLT,0
940,IGOV,VCIT,0
939,IGOV,SUSC,0
938,IGOV,SUSB,0
937,IGOV,SNLN,0
936,IGOV,SLQD,0
934,IGOV,LDSF,0
1147,SNLN,WINC,0
1137,SNLN,VCIT,0
176,BSJN,BSMS,0
112,BSCO,ISHG,0
113,BSCO,SNLN,0
114,BSCO,USTB,0
115,BSCO,VCIT,0
116,BSCO,VWOB,0
117,BSCP,BSCQ,0
118,BSCP,BSCR,0
119,BSCP,BSCS,0
111,BSCO,IGOV,0
120,BSCP,EMB,0
122,BSCP,ISHG,0
123,BSCP,SNLN,0
124,BSCP,VTC,0
125,BSCP,VWOB,0
126,BSCQ,EMB,0
127,BSCQ,FEMB,0
128,BSCQ,HYXF,0
129,BSCQ,IGOV,0
121,BSCP,IGOV,0
130,BSCQ,ISHG,0
110,BSCO,HYXF,0
108,BSCO,EMCB,0
90,BNDX,VMBS,0
91,BNDX,VTC,0
92,BNDX,VWOB,0
93,BSCN,BSCR,0
94,BSCN,EMB,0
95,BSCN,EMCB,0
96,BSCN,FEMB,0
97,BSCN,FTSM,0
109,BSCO,HYLS,0
98,BSCN,IEI,0
100,BSCN,ISHG,0
101,BSCN,SHY,0
102,BSCN,USTB,0
103,BSCO,BSCP,0
104,BSCO,BSCR,0
105,BSCO,BSCS,0
106,BSCO,BSMP,0
107,BSCO,EMB,0
99,BSCN,IGOV,0
89,BNDX,VGSH,0
131,BSCQ,LDSF,0
133,BSCQ,VWOB,0
156,BSCT,FIXD,0
157,BSCT,HYXF,0
158,BSCT,IGIB,0
159,BSCT,IGSB,0
160,BSCT,ISHG,0
161,BSCT,SHY,0
162,BSCT,SNLN,0
163,BSCT,UITB,0
155,BSCT,EMB,0
164,BSCT,VCIT,0
166,BSCT,VWOB,0
167,BSJN,BSJO,0
168,BSJN,BSJP,0
169,BSJN,BSJQ,0
170,BSJN,BSJR,0
171,BSJN,BSMN,0
172,BSJN,BSMO,0
173,BSJN,BSMP,0
165,BSCT,VGSH,0
132,BSCQ,VCIT,0
154,BSCS,VWOB,0
152,BSCS,VCIT,0
134,BSCR,EMB,0
135,BSCR,HYXF,0
136,BSCR,ISHG,0
137,BSCR,SHY,0
138,BSCR,SUSB,0
139,BSCR,SUSC,0
140,BSCR,USTB,0
141,BSCR,VGSH,0
153,BSCS,VGSH,0
142,BSCR,VWOB,0
144,BSCS,FIXD,0
145,BSCS,HYXF,0
146,BSCS,IGOV,0
147,BSCS,ISHG,0
148,BSCS,SHY,0
149,BSCS,SUSB,0
150,BSCS,UITB,0
151,BSCS,USTB,0
143,BSCS,EMB,0
174,BSJN,BSMQ,0
88,BNDX,VCSH,0
86,BNDX,UITB,0
24,ANGL,BSJN,0
25,ANGL,BSJP,0
26,ANGL,BSJQ,0
27,ANGL,FALN,0
28,ANGL,FTSL,0
1165,UITB,VWOB,0
30,BGRN,BSCR,0
31,BGRN,EMB,0
22,AGZD,VGSH,0
32,BGRN,HYXF,0
34,BGRN,IGIB,0
35,BGRN,LDSF,0
36,BGRN,SHY,0
37,BGRN,SKOR,0
38,BGRN,SLQD,0
39,BGRN,SNLN,0
40,BGRN,SUSB,0
41,BGRN,SUSC,0
33,BGRN,IEI,0
42,BGRN,UITB,0
21,AGZD,VGIT,0
19,AGZD,PLW,0
1182,VMBS,VWOB,0
1181,VGSH,VWOB,0
1180,VGSH,VTC,0
1179,VGSH,VMBS,0
1178,VGIT,VWOB,0
1177,VCSH,VWOB,0
1176,VCSH,VGSH,0
1175,VCLT,VWOB,0
20,AGZD,SHY,0
1174,VCLT,VMBS,0
1172,VCIT,VWOB,0
1171,VCIT,VTC,0
1170,VCIT,VGSH,0
1169,VCIT,VCSH,0
1168,USTB,VWOB,0
1167,USTB,VCSH,0
17,AGZD,IEF,0
18,AGZD,IEI,0
1173,VCLT,VGSH,0
87,BNDX,VCLT,0
43,BGRN,VCLT,0
45,BGRN,VTC,0
68,BNDW,VGSH,0
69,BNDW,VMBS,0
70,BNDW,VWOB,0
71,BNDX,BSCR,0
72,BNDX,BSCS,0
73,BNDX,EMB,0
74,BNDX,IEI,0
75,BNDX,IGIB,0
67,BNDW,VCLT,0
76,BNDX,IGSB,0
78,BNDX,IUSB,0
79,BNDX,LDSF,0
80,BNDX,MBB,0
81,BNDX,SHY,0
82,BNDX,SKOR,0
83,BNDX,SLQD,0
84,BNDX,SUSB,0
85,BNDX,SUSC,0
77,BNDX,ISTB,0
44,BGRN,VCSH,0
66,BNDW,SUSB,0
64,BNDW,SHY,0
46,BGRN,VWOB,0
47,BND,BNDX,0
48,BND,GNMA,0
49,BND,IEF,0
50,BND,IEI,0
51,BND,LDSF,0
52,BND,MBB,0
53,BND,SHY,0
65,BNDW,SLQD,0
54,BND,SLQD,0
56,BND,VGSH,0
57,BND,VMBS,0
58,BNDW,BNDX,0
59,BNDW,EMB,0
60,BNDW,IEI,0
61,BNDW,IUSB,0
62,BNDW,LDSF,0
63,BNDW,MBB,0
55,BND,SNLN,0
175,BSJN,BSMR,0
874,HYZD,IGOV,0
265,BSJR,EMCB,0
275,BSMO,ISHG,0
276,BSMO,USTB,0
277,BSMO,WINC,0
278,BSMP,BSMR,0
279,BSMP,EMCB,0
280,BSMP,HYXF,0
1150,SUSB,USTB,0
1151,SUSB,VCSH,0
1152,SUSB,VGIT,0
281,BSMP,USTB,0
282,BSMP,WINC,0
1153,SUSB,VGSH,0
1154,SUSB,VTC,0
1155,SUSB,VWOB,0
1156,SUSC,UITB,0
274,BSMO,EMCB,0
1157,SUSC,VCIT,0
273,BSMN,WINC,0
271,BSJR,WINC,0
256,BSJQ,MFLX,0
257,BSJQ,SHY,0
258,BSJQ,UITB,0
259,BSJQ,USTB,0
260,BSJQ,VTIP,0
261,BSJQ,WINC,0
262,BSJR,BSMR,0
263,BSJR,BSMS,0
264,BSJR,BSMT,0
177,BSJN,BSMT,0
266,BSJR,FCAL,0
267,BSJR,FMB,0
268,BSJR,MFLX,0
269,BSJR,USTB,0
270,BSJR,VTIP,0
272,BSMN,FTSL,0
1158,SUSC,VGSH,0
1159,SUSC,VTC,0
1160,SUSC,VWOB,0
310,BSMT,EMB,0
294,BSMR,EMCB,0
295,BSMR,FCAL,0
296,BSMR,FMB,0
297,BSMR,HYLS,0
298,BSMR,HYXF,0
299,BSMR,ISHG,0
300,BSMR,SNLN,0
301,BSMR,WINC,0
302,BSMS,BSMT,0
303,BSMS,EMB,0
304,BSMS,EMCB,0
305,BSMS,FMB,0
306,BSMS,HYLS,0
307,BSMS,HYXF,0
293,BSMQ,WINC,0
292,BSMQ,USTB,0
291,BSMQ,SNLN,0
290,BSMQ,SHY,0
1161,UITB,VCIT,0
1162,UITB,VCLT,0
1163,UITB,VCSH,0
1164,UITB,VTC,0
315,BSMT,VWOB,0
314,BSMT,USTB,0
313,BSMT,HYXF,0
255,BSJQ,ISHG,0
312,BSMT,HYLS,0
283,BSMQ,BSMR,0
284,BSMQ,EMB,0
285,BSMQ,EMCB,0
286,BSMQ,HNDL,0
287,BSMQ,HYLS,0
288,BSMQ,HYXF,0
289,BSMQ,ISHG,0
311,BSMT,EMCB,0
254,BSJQ,IGOV,0
253,BSJQ,FMHI,0
252,BSJQ,FMB,0
198,BSJN,SHY,0
199,BSJN,SKOR,0
200,BSJN,SLQD,0
201,BSJN,SUSB,0
202,BSJN,SUSC,0
203,BSJN,TLT,0
204,BSJN,UITB,0
205,BSJN,USTB,0
206,BSJN,VCIT,0
207,BSJN,VCLT,0
208,BSJN,VCSH,0
209,BSJN,VGIT,0
210,BSJN,VGSH,0
211,BSJN,VMBS,0
212,BSJN,VTC,0
197,BSJN,PLW,0
196,BSJN,MFLX,0
195,BSJN,MBB,0
194,BSJN,IUSB,0
178,BSJN,EMB,0
179,BSJN,EMCB,0
180,BSJN,FALN,0
181,BSJN,FCAL,0
182,BSJN,FIXD,0
183,BSJN,FMB,0
184,BSJN,FMHI,0
213,BSJN,VTIP,0
185,BSJN,GNMA,0
187,BSJN,IEF,0
188,BSJN,IEI,0
189,BSJN,IGIB,0
190,BSJN,IGOV,0
191,BSJN,IGSB,0
192,BSJN,ISHG,0
193,BSJN,ISTB,0
186,BSJN,HNDL,0
308,BSMS,ISHG,0
214,BSJN,WINC,0
216,BSJO,BSMO,0
237,BSJP,FCAL,0
238,BSJP,FMHI,0
239,BSJP,FTSL,0
240,BSJP,ISHG,0
241,BSJP,MFLX,0
242,BSJP,USTB,0
243,BSJP,VTIP,0
244,BSJP,WINC,0
245,BSJQ,BSJR,0
246,BSJQ,BSMQ,0
247,BSJQ,BSMR,0
248,BSJQ,BSMS,0
249,BSJQ,BSMT,0
250,BSJQ,FALN,0
251,BSJQ,FCAL,0
236,BSJP,FALN,0
235,BSJP,BSMT,0
234,BSJP,BSMS,0
233,BSJP,BSMR,0
217,BSJO,BSMP,0
218,BSJO,BSMQ,0
219,BSJO,BSMR,0
220,BSJO,BSMS,0
221,BSJO,BSMT,0
222,BSJO,FALN,0
223,BSJO,FCAL,0
215,BSJO,BSJR,0
224,BSJO,FMB,0
226,BSJO,ISHG,0
227,BSJO,MFLX,0
228,BSJO,USTB,0
229,BSJO,VTIP,0
230,BSJO,WINC,0
231,BSJP,BSMP,0
232,BSJP,BSMQ,0
225,BSJO,FMHI,0
309,BSMS,VWOB,0
809,FYT,USVM,1
810,FYX,INDY,1
843,HLAL,PID,1
842,HLAL,PFM,1
841,HLAL,NFTY,1
838,HEWG,SNSR,1
837,HEWG,QQQE,1
836,HEWG,QQQ,1
835,HEWG,QQEW,1
834,HEWG,ONEQ,1
833,HERD,YLDE,1
807,FYC,INDY,1
832,HERD,VONV,1
830,HERD,SQLV,1
829,HERD,RNMC,1
828,HERD,RNDV,1
827,HERD,RDVY,1
826,HERD,PYZ,1
825,HERD,PY,1
824,HERD,PID,1
823,HERD,PFM,1
822,HERD,NFTY,1
831,HERD,ULVM,1
808,FYT,PYZ,1
1079,PRFZ,SDVY,1
955,IMCV,NFTY,1
1082,PSCC,PSCI,1
1081,PRN,PSL,1
1080,PRFZ,USVM,1
806,FYC,IJT,1
1078,PRFZ,PYZ,1
1077,PRFZ,PSC,1
1076,PPH,PSCC,1
1075,PKW,VONV,1
1074,PKW,RDVY,1
1073,PIO,QQQE,1
1072,PID,YLDE,1
1071,PID,VSMV,1
1070,PID,VSDA,1
1069,PID,SUSL,1
1068,PID,SQLV,1
1067,PID,RNLC,1
1066,PID,RDVY,1
1065,PID,PSCT,1
1064,PID,PSCM,1
1063,PFM,SQLV,1
1062,PFM,PYZ,1
1061,PFM,PSCC,1
1060,PFM,PID,1
1059,PFI,PSCU,1
1058,PEZ,XT,1
1083,PSCC,PSCM,1
1057,PEZ,SDG,1
1084,PSCI,PSCM,1
1086,PSCT,SDVY,1
1166,ULVM,VONV,1
1149,SQLV,VONV,1
1148,SQLV,ULVM,1
1108,SDVY,USVM,1
1107,RNSC,USVM,1
1106,RNMC,SQLV,1
1105,RNLC,VONV,1
1104,RNDV,VONV,1
1103,RNDV,ULVM,1
1102,RNDV,SQLV,1
1101,RNDV,RNMC,1
1100,RDVY,VONV,1
1099,RDVY,RNMC,1
1098,RDVY,RNLC,1
1097,QQEW,SNSR,1
1096,PYZ,YLDE,1
1095,PYZ,VONV,1
1094,PYZ,ULVM,1
1093,PYZ,RNMC,1
1092,PYZ,RNLC,1
1091,PYZ,RNDV,1
1090,PYZ,RDVY,1
1089,PY,ULVM,1
1088,PY,SQLV,1
1087,PY,PYZ,1
1085,PSCT,RNSC,1
954,IJT,INDY,1
1056,PEZ,ROBT,1
1054,PDP,XT,1
1001,JSML,ROBT,1
1000,JSMD,PEZ,1
999,IUSV,PSCC,1
992,IUS,VSMV,1
991,IUS,PPH,1
990,IUS,PID,1
989,IUS,PFM,1
988,IUS,LVHD,1
987,IUS,IUSV,1
980,ISHP,QTEC,1
979,ISHP,PIZ,1
969,INDY,VTHR,1
968,INDY,VONE,1
967,INDY,USVM,1
966,INDY,RTH,1
965,INDY,PSCT,1
964,INDY,PSC,1
963,INDY,PRN,1
962,INDY,PRFZ,1
961,INDY,PHO,1
960,INDY,KRMA,1
959,IMCV,SQLV,1
958,IMCV,RNDV,1
957,IMCV,PYZ,1
956,IMCV,PY,1
1002,KBWP,PPH,1
1055,PEZ,QQQE,1
1003,KRMA,NFTY,1
1015,LEGR,NZAC,1
1053,PDP,SDG,1
1052,NZAC,QQQ,1
1051,NZAC,QQEW,1
1050,NZAC,ONEQ,1
1049,NXTG,NZAC,1
1048,NFTY,YLDE,1
1047,NFTY,VSMV,1
1046,NFTY,VSDA,1
1045,NFTY,VONV,1
1044,NFTY,USVM,1
1043,NFTY,ULVM,1
1042,NFTY,SQLV,1
1041,NFTY,RNMC,1
1040,NFTY,RNLC,1
1039,NFTY,RDVY,1
1038,NFTY,PYZ,1
1037,NFTY,PY,1
1036,NFTY,PKW,1
1035,NFTY,PHO,1
1034,NFTY,PFM,1
1027,LVHD,UAE,1
1026,LVHD,SQLV,1
1025,LVHD,PPH,1
1017,LEGR,QQEW,1
1016,LEGR,ONEQ,1
1014,LEGR,NXTG,1
805,FVC,VONV,1
0,ACWI,CIBR,1
803,FVC,SQLV,1
420,CSF,FYT,1
421,CSF,FYX,1
422,CSF,IMCV,1
423,CSF,INDY,1
424,CSF,PRFZ,1
425,CSF,PY,1
426,CSF,RNMC,1
427,CSF,USVM,1
428,CSF,VONV,1
429,CSF,VTWV,1
430,CSML,DWMC,1
431,CSML,FNX,1
432,CSML,FV,1
433,CSML,FYT,1
434,CSML,RNSC,1
435,CSML,SDVY,1
436,CSML,USVM,1
437,DALI,DVLU,1
438,DALI,DVY,1
419,CSF,FVC,1
418,CSF,FV,1
417,CSF,FNX,1
416,CSF,FEX,1
396,CSA,DWMC,1
397,CSA,FNX,1
398,CSA,FV,1
399,CSA,FVC,1
400,CSA,FYT,1
401,CSA,PSCT,1
402,CSA,RNSC,1
403,CSA,SDVY,1
404,CSA,USVM,1
439,DALI,EQRR,1
405,CSB,CSF,1
407,CSB,FYX,1
408,CSB,USVM,1
409,CSB,VTWV,1
410,CSF,CSML,1
411,CSF,DDIV,1
412,CSF,DGRS,1
413,CSF,DVOL,1
414,CSF,DWAS,1
415,CSF,DWMC,1
406,CSB,DWMC,1
395,CSA,CSML,1
440,DALI,FAB,1
442,DALI,FTA,1
467,DVLU,PY,1
468,DVLU,PYZ,1
469,DVLU,RNDV,1
470,DVLU,SQLV,1
471,DVLU,ULVM,1
472,DVLU,VONV,1
473,DVOL,DWMC,1
474,DVOL,FEX,1
475,DVOL,FYT,1
476,DVOL,HERD,1
477,DVOL,INDY,1
478,DVOL,NFTY,1
479,DVOL,PRFZ,1
480,DVOL,RNDV,1
481,DVOL,RNLC,1
482,DVOL,RTH,1
483,DVOL,SQLV,1
484,DVOL,SUSL,1
485,DVY,EQRR,1
466,DVLU,PID,1
465,DVLU,NFTY,1
464,DVLU,IMCV,1
463,DVLU,FVC,1
443,DALI,IMCV,1
444,DALI,IUS,1
445,DALI,IUSV,1
446,DALI,KBWP,1
447,DALI,LVHD,1
448,DALI,PID,1
449,DALI,PPH,1
450,DALI,PSCC,1
451,DALI,PY,1
441,DALI,FNK,1
452,DALI,RNDV,1
454,DDIV,FVC,1
455,DGRS,DWAS,1
456,DGRS,DWMC,1
457,DGRS,FYX,1
458,DGRS,PSC,1
459,DGRS,PSCT,1
460,DGRS,USVM,1
461,DGRW,PSCC,1
462,DVLU,FV,1
453,DALI,UAE,1
394,CSA,CSF,1
393,CLRG,VONV,1
392,CLRG,SQLV,1
322,BUG,PSCU,1
323,BUG,WOOD,1
324,CACG,ISHP,1
325,CACG,PIZ,1
329,CATH,CIBR,1
330,CATH,INDY,1
331,CATH,NFTY,1
332,CATH,SUSL,1
333,CDC,DDIV,1
334,CDC,FTRI,1
335,CDC,LVHD,1
336,CDC,PID,1
337,CDC,UAE,1
338,CDL,DALI,1
339,CDL,EQRR,1
340,CDL,LVHD,1
341,CDL,UAE,1
342,CFA,CLRG,1
343,CFA,CSF,1
321,BUG,PFI,1
320,BUG,INDY,1
319,BUG,FTXR,1
318,BUG,CSB,1
1,ACWI,DWUS,1
2,ACWI,NXTG,1
3,ACWI,ONEQ,1
4,ACWI,QQEW,1
5,ACWI,QQQ,1
6,AGNG,AIQ,1
7,AGNG,BJK,1
8,AGNG,FDTS,1
9,AGNG,FSZ,1
344,CFA,FEX,1
10,AGNG,HEWG,1
12,AGNG,PEZ,1
13,AGNG,QQQE,1
14,AGNG,ROBT,1
15,AGNG,SNSR,1
16,AGNG,XT,1
23,AIQ,HEWG,1
29,BBH,PIZ,1
316,BTEC,FDNI,1
317,BTEC,SOCL,1
11,AGNG,JSMD,1
345,CFA,FV,1
346,CFA,HERD,1
347,CFA,INDY,1
372,CIBR,PSC,1
373,CIBR,RNSC,1
374,CIBR,SUSL,1
375,CIBR,TDIV,1
376,CIBR,VTHR,1
377,CIBR,VTWV,1
378,CLRG,CSA,1
379,CLRG,FV,1
380,CLRG,FYT,1
371,CIBR,PRFZ,1
381,CLRG,HERD,1
383,CLRG,NFTY,1
384,CLRG,PKW,1
385,CLRG,PYZ,1
386,CLRG,RDVY,1
387,CLRG,RNDV,1
388,CLRG,RNLC,1
389,CLRG,RNMC,1
390,CLRG,RNSC,1
391,CLRG,SDVY,1
382,CLRG,INDY,1
804,FVC,ULVM,1
370,CIBR,NZAC,1
368,CIBR,NFTY,1
348,CFA,NFTY,1
349,CFA,PKW,1
350,CFA,PYZ,1
351,CFA,RDVY,1
352,CFA,RNLC,1
353,CFA,SQLV,1
354,CFA,VONV,1
355,CIBR,CSA,1
356,CIBR,CSB,1
369,CIBR,NXTG,1
357,CIBR,CSF,1
359,CIBR,DWMC,1
360,CIBR,DWUS,1
361,CIBR,ESGU,1
362,CIBR,FTXR,1
363,CIBR,FYT,1
364,CIBR,FYX,1
365,CIBR,IJT,1
366,CIBR,INDY,1
367,CIBR,IUSG,1
358,CIBR,DWAS,1
487,DVY,LVHD,1
486,DVY,FTGC,1
489,DWAS,DWUS,1
690,FTCS,RNLC,1
691,FTCS,RTH,1
692,FTCS,SQLV,1
693,FTGC,LVHD,1
694,FTGC,UAE,1
696,FTRI,RNDV,1
743,FTXG,PSCM,1
744,FTXH,FV,1
745,FTXH,FYT,1
746,FTXH,FYX,1
747,FTXH,HERD,1
748,FTXH,HLAL,1
749,FTXH,INDY,1
750,FTXH,NFTY,1
751,FTXH,PHO,1
752,FTXH,PRFZ,1
753,FTXH,PSCC,1
754,FTXH,PSCI,1
755,FTXH,PSCM,1
689,FTCS,RDVY,1
688,FTCS,PY,1
687,FTCS,PKW,1
686,FTCS,NFTY,1
666,FNX,NFTY,1
667,FNX,PRFZ,1
668,FNX,RNSC,1
669,FNX,USVM,1
670,FNY,FTXR,1
671,FNY,INDY,1
672,FNY,PEZ,1
673,FSZ,QQEW,1
674,FSZ,QQQE,1
756,FTXH,PSCT,1
675,FTA,FV,1
677,FTA,PPH,1
678,FTA,VSDA,1
679,FTAG,FV,1
680,FTAG,FVC,1
681,FTAG,PID,1
682,FTC,INDY,1
683,FTCS,FV,1
684,FTCS,FYT,1
685,FTCS,INDY,1
676,FTA,IUS,1
488,DVY,UAE,1
757,FTXH,PTNQ,1
759,FTXH,PYZ,1
784,FV,RNMC,1
785,FV,RNSC,1
786,FV,SDVY,1
787,FV,SQLV,1
788,FV,ULVM,1
789,FV,USVM,1
790,FV,VONV,1
791,FV,VSDA,1
792,FV,YLDE,1
793,FVC,FYT,1
794,FVC,IMCV,1
795,FVC,INDY,1
796,FVC,LVHD,1
797,FVC,NFTY,1
798,FVC,PID,1
799,FVC,PY,1
800,FVC,PYZ,1
801,FVC,RNDV,1
802,FVC,RNMC,1
783,FV,RNLC,1
782,FV,RNDV,1
781,FV,RDVY,1
780,FV,PYZ,1
760,FTXH,RNLC,1
761,FTXH,RNMC,1
762,FTXH,SDVY,1
763,FTXH,SQLV,1
764,FTXH,VSDA,1
765,FTXR,FYC,1
766,FV,FYT,1
767,FV,HERD,1
768,FV,IMCV,1
758,FTXH,PY,1
769,FV,INDY,1
771,FV,LVHD,1
772,FV,NFTY,1
773,FV,PFM,1
774,FV,PID,1
775,FV,PKW,1
776,FV,PRFZ,1
777,FV,PSCC,1
778,FV,PSCM,1
779,FV,PY,1
770,FV,IUSV,1
664,FNX,FYT,1
665,FNX,INDY,1
662,FNK,VONV,1
514,DWMC,RNSC,1
515,DWMC,SDVY,1
516,DWMC,USVM,1
517,DWMC,VONV,1
518,DWMC,VTWV,1
519,DWUS,DXGE,1
520,DWUS,FTXR,1
521,DWUS,FYT,1
522,DWUS,FYX,1
523,DWUS,IJT,1
524,DWUS,INDY,1
525,DWUS,KRMA,1
526,DWUS,LEGR,1
527,DWUS,NFTY,1
528,DWUS,NZAC,1
529,DWUS,PRFZ,1
530,DWUS,PRN,1
531,DWUS,RTH,1
532,DWUS,VTHR,1
513,DWMC,RNMC,1
512,DWMC,RNDV,1
511,DWMC,RDVY,1
510,DWMC,PY,1
490,DWAS,FTXR,1
491,DWAS,FYT,1
492,DWAS,FYX,1
493,DWAS,IJT,1
494,DWAS,INDY,1
495,DWAS,NFTY,1
496,DWAS,PSC,1
497,DWAS,QQXT,1
498,DWAS,VTWV,1
663,FNK,VSDA,1
499,DWAW,FDTS,1
501,DWMC,FEX,1
502,DWMC,FNX,1
503,DWMC,FYT,1
504,DWMC,FYX,1
505,DWMC,INDY,1
506,DWMC,NFTY,1
507,DWMC,PRFZ,1
508,DWMC,PSC,1
509,DWMC,PSCT,1
500,DWAW,SDG,1
534,DXGE,PTNQ,1
533,DXGE,PHO,1
573,EQRR,FTA,1
599,FDTS,QQQE,1
600,FDTS,SDG,1
601,FDTS,VTWO,1
602,FDTS,XT,1
630,FEX,FV,1
631,FEX,FYT,1
632,FEX,INDY,1
633,FEX,NFTY,1
634,FEX,PYZ,1
635,FEX,VONV,1
651,FNK,FV,1
652,FNK,FVC,1
653,FNK,HERD,1
654,FNK,IUS,1
655,FNK,NFTY,1
656,FNK,PSCM,1
657,FNK,PY,1
658,FNK,PYZ,1
659,FNK,RNDV,1
660,FNK,SQLV,1
661,FNK,ULVM,1
598,FDTS,QQEW,1
597,FDTS,PEZ,1
596,FDTS,JSMD,1
595,FDTS,FNY,1
574,EQRR,FV,1
575,EQRR,IUS,1
576,EQRR,KBWP,1
577,EQRR,LVHD,1
578,EQRR,PFM,1
579,EQRR,PPH,1
580,EQRR,VSDA,1
581,EQRR,VSMV,1
582,ESGU,INDY,1
583,FAB,FV,1
535,DXGE,QQXT,1
584,FAB,FVC,1
586,FAB,NFTY,1
587,FAB,PY,1
588,FAB,PYZ,1
589,FAB,RNDV,1
590,FAB,SQLV,1
591,FAD,FDTS,1
593,FAD,INDY,1
585,FAB,HERD,1
592,FAD,FTXR,1
328,CARZ,PTF,2
327,CARZ,PSCD,2
326,CARZ,FTXL,2
